{"position": [0, 3, 14, 27, 39, 51, 62, 73, 85, 96, 107, 119, 130, 141, 152, 164, 175, 187, 198, 209, 221, 232, 243, 255, 267, 278, 289, 300, 312, 323, 335, 346, 357, 369, 380, 391, 403, 414, 428, 449, 473, 496, 519, 541, 564, 587, 609, 632, 655, 679, 701, 724, 747, 769, 791, 814, 837, 860, 883, 905, 928, 950, 974, 997, 1018, 1042, 1064, 1087, 1110, 1133, 1155, 1178, 1201, 1223, 1246, 1270, 1302, 1337, 1371, 1406, 1440, 1474, 1508, 1542, 1576, 1610, 1644, 1678, 1712, 1746, 1780, 1814, 1849, 1883, 1917, 1951, 1983, 2019, 2053, 2085, 2121, 2155, 2189, 2223, 2256, 2291, 2325, 2359, 2393, 2427, 2461, 2495, 2530, 2571, 2616, 2662, 2708, 2753, 2799, 2844, 2889, 2935, 2980, 3025, 3069, 3116, 3161, 3207, 3253, 3298, 3343, 3389, 3434, 3479, 3523, 3570, 3615, 3661, 3706, 3750, 3797, 3843, 3888, 3933, 3979, 4024, 4069, 4115, 4160], "temps": [0.02065896987915039, 0.07489752769470215, 0.12859869003295898, 0.18367600440979004, 0.2370164394378662, 0.2918229103088379, 0.3452727794647217, 0.3990013599395752, 0.4531726837158203, 0.5069305896759033, 0.5612525939941406, 0.6150825023651123, 0.6687886714935303, 0.7229135036468506, 0.7763633728027344, 0.8299999237060547, 0.8844776153564453, 0.9382226467132568, 0.9925072193145752, 1.0464086532592773, 1.1001460552215576, 1.15470290184021, 1.2085771560668945, 1.262866497039795, 1.316735029220581, 1.3707671165466309, 1.4249238967895508, 1.4786536693572998, 1.5328960418701172, 1.5865800380706787, 1.6406667232513428, 1.6948473453521729, 1.7486467361450195, 1.8028953075408936, 1.8565776348114014, 1.9106664657592773, 1.9649889469146729, 2.0186986923217773, 2.072941541671753, 2.1267027854919434, 2.1807799339294434, 2.2350306510925293, 2.288804292678833, 2.3441758155822754, 2.3976218700408936, 2.451853036880493, 2.5052554607391357, 2.5590951442718506, 2.613919496536255, 2.6672654151916504, 2.7231292724609375, 2.7767107486724854, 2.8302743434906006, 2.8847789764404297, 2.9385006427764893, 2.99272084236145, 3.0462806224823, 3.099963903427124, 3.1547038555145264, 3.2086329460144043, 3.262883186340332, 3.3165993690490723, 3.370710611343384, 3.4248557090759277, 3.4786744117736816, 3.5328924655914307, 3.58658766746521, 3.6407132148742676, 3.6949801445007324, 3.7487497329711914, 3.802900552749634, 3.856788396835327, 3.9111688137054443, 3.9651498794555664, 4.0188210010528564, 4.072942018508911, 4.126890659332275, 4.181227445602417, 4.235149145126343, 4.2888383865356445, 4.343765497207642, 4.397272348403931, 4.451876163482666, 4.505240201950073, 4.559004783630371, 4.613267183303833, 4.667019605636597, 4.721261978149414, 4.775179862976074, 4.829020977020264, 4.883279800415039, 4.937042713165283, 4.991315126419067, 5.045115232467651, 5.098820686340332, 5.152890205383301, 5.206442594528198, 5.260248422622681, 5.31496000289917, 5.368668794631958, 5.422893047332764, 5.4767608642578125, 5.530795574188232, 5.584943771362305, 5.638681888580322, 5.6929051876068115, 5.746765375137329, 5.801276683807373, 5.855153322219849, 5.908819198608398, 5.963281869888306, 6.017030715942383, 6.071259021759033, 6.125084400177002, 6.1788105964660645, 6.232945442199707, 6.286752939224243, 6.341129541397095, 6.395062685012817, 6.4488685131073, 6.503030776977539, 6.55673360824585, 6.611231327056885, 6.665066242218018, 6.718735218048096, 6.772904634475708, 6.826598405838013, 6.881190538406372, 6.935063123703003, 6.988748550415039, 7.042920112609863, 7.096623420715332, 7.150710821151733, 7.205043077468872, 7.258731842041016, 7.312887191772461, 7.366629123687744, 7.420754432678223, 7.4749836921691895, 7.528663396835327, 7.582904577255249, 7.636756420135498, 7.691182374954224, 7.744977951049805, 7.798939228057861, 7.853305339813232, 7.907140016555786, 7.961830377578735, 8.01526927947998]}