{
    "angle": [
        0,
        360,
        720,
        1080,
        1440,
        1800,
        2160,
        2520,
        2880
    ],
    "motor": [
        0,
        14,
        18,
        22,
        26,
        30,
        36,
        41,
        47
    ],
    "temps": [
        0,
        0.07124567031860352,
        0.08812093734741211,
        0.0960228443145752,
        0.10379767417907715,
        0.1120290756225586,
        0.12232398986816406,
        0.13233518600463867,
        0.13821196556091309
    ]
}